#,Company Name,Contact Person Name,Phone Code,Phone,Email,Address,Country,State,City,Pincode,Source,DOB,Anniversary,Whatsapp Number
1,,,91,,,Demo address 1,,,Kolkata,,GOOGLE,,30-01-2020,9876543211
2,Company Name 2,Person 2,91,9876543212,test2@gmail.com,Demo address 2,India,West Bengal,Kolkata,700084,GOOGLE,31-01-2000,30-01-2020,9876543210
3,Company Name 3,Person 3,91,9876543213,test3@gmail.com,Demo address 3,India,West Bengal,Kolkata,700084,GOOGLE,31-01-2000,30-01-2020,987543211
4,Company Name 4,Person 4,91,9876543214,test4@gmail.com,Demo address 4,India,West Bengal,Kolkata,700084,GOOGLE,31-01-2000,30-01-2020,
5,Company Name 5,Person 5,91,9076543212,test5@gmail.com,Demo address 5,India,West Bengal,Kolkata,700084,GOOGLE,31-01-2000,30-01-2020,9076543210
6,Company Name 6,Person 6,91,9876543216,test6@gmail.com,Demo address 6,India,West Bengal,Kolkata,700084,GOOGLE,31-01-2000,30-01-2020,
7,Company Name 7,Person 7,91,98765432179,test7@gmail.com,Demo address 7,India,West Bengal,Kolkata,700084,GOOGLE,31-01-2000,30-01-2020,9876543211
8,Company Name 8,Person 8,91,9876543218,test8@gmail.com,Demo address 8,India,West Bengal,Kolkata,700084,GOOGLE,31-01-2000,30-01-2020,
9,Company Name 9,Person 9,91,9876543219,test9@gmail.com,Demo address 9,India,West Bengal,Kolkata,700084,GOOGLE,31-01-2000,30-01-2020,
10,Company Name 10,Person 10,91,9876543210,test0@gmail.com,Demo address 10,India,West Bengal,Kolkata,700084,GOOGLE,31-01-2000,30-01-2020,
